[
  {
    "baseType": 3,
    "name": "bppm_cell",
    "defaultValue": "",
    "description": "",
    "helpText": "",
    "isSystem": false,
    "minLength": 0,
    "maxLength": 260,
    "validationRegex": "",
    "isValidate": false
  },
  {
    "baseType": 3,
    "name": "bppm_epoch_timestamp_ms",
    "defaultValue": "",
    "description": "",
    "helpText": "",
    "isSystem": false,
    "minLength": 0,
    "maxLength": 260,
    "validationRegex": "",
    "isValidate": false
  },
  {
    "baseType": 3,
    "name": "bppm_event_time",
    "defaultValue": "",
    "description": "",
    "helpText": "",
    "isSystem": false,
    "minLength": 0,
    "maxLength": 260,
    "validationRegex": "",
    "isValidate": false
  },
  {
    "baseType": 3,
    "name": "causes",
    "defaultValue": "",
    "description": "",
    "helpText": "",
    "isSystem": false,
    "minLength": 0,
    "maxLength": 260,
    "validationRegex": "",
    "isValidate": false
  },
  {
    "baseType": 3,
    "name": "client_address",
    "defaultValue": "",
    "description": "",
    "helpText": "",
    "isSystem": false,
    "minLength": 0,
    "maxLength": 260,
    "validationRegex": "",
    "isValidate": false
  },
  {
    "baseType": 3,
    "name": "effects",
    "defaultValue": "",
    "description": "",
    "helpText": "",
    "isSystem": false,
    "minLength": 0,
    "maxLength": 260,
    "validationRegex": "",
    "isValidate": false
  },
  {
    "baseType": 3,
    "name": "eventCreateAMPM",
    "defaultValue": "",
    "description": "Event time AM or PM",
    "helpText": "",
    "isSystem": false,
    "minLength": 0,
    "maxLength": 2,
    "validationRegex": "",
    "isValidate": false
  },
  {
    "baseType": 3,
    "name": "eventCreateDate",
    "defaultValue": "",
    "description": "Event date",
    "helpText": "",
    "isSystem": false,
    "minLength": 0,
    "maxLength": 3,
    "validationRegex": "",
    "isValidate": false
  },
  {
    "baseType": 3,
    "name": "eventCreateDay",
    "defaultValue": "",
    "description": "Event day of week",
    "helpText": "",
    "isSystem": false,
    "minLength": 0,
    "maxLength": 10,
    "validationRegex": "",
    "isValidate": false
  },
  {
    "baseType": 3,
    "name": "eventCreateHour",
    "defaultValue": "",
    "description": "Event hour",
    "helpText": "",
    "isSystem": false,
    "minLength": 0,
    "maxLength": 3,
    "validationRegex": "",
    "isValidate": false
  },
  {
    "baseType": 3,
    "name": "eventCreateMinute",
    "defaultValue": "",
    "description": "Event minutes",
    "helpText": "",
    "isSystem": false,
    "minLength": 0,
    "maxLength": 3,
    "validationRegex": "",
    "isValidate": false
  },
  {
    "baseType": 3,
    "name": "eventCreateMonth",
    "defaultValue": "",
    "description": "Event month",
    "helpText": "",
    "isSystem": false,
    "minLength": 0,
    "maxLength": 10,
    "validationRegex": "",
    "isValidate": false
  },
  {
    "baseType": 3,
    "name": "host_address",
    "defaultValue": "",
    "description": "",
    "helpText": "",
    "isSystem": false,
    "minLength": 0,
    "maxLength": 260,
    "validationRegex": "",
    "isValidate": false
  },
  {
    "baseType": 3,
    "name": "incident_id",
    "defaultValue": "",
    "description": "BPPM Incident ID",
    "helpText": "",
    "isSystem": false,
    "minLength": 0,
    "maxLength": 260,
    "validationRegex": "",
    "isValidate": false
  },
  {
    "baseType": 3,
    "name": "mc_host",
    "defaultValue": "",
    "description": "",
    "helpText": "",
    "isSystem": false,
    "minLength": 0,
    "maxLength": 260,
    "validationRegex": "",
    "isValidate": false
  },
  {
    "baseType": 3,
    "name": "mc_object",
    "defaultValue": "",
    "description": "",
    "helpText": "",
    "isSystem": false,
    "minLength": 0,
    "maxLength": 260,
    "validationRegex": "",
    "isValidate": false
  },
  {
    "baseType": 3,
    "name": "mc_object_class",
    "defaultValue": "",
    "description": "",
    "helpText": "",
    "isSystem": false,
    "minLength": 0,
    "maxLength": 260,
    "validationRegex": "",
    "isValidate": false
  },
  {
    "baseType": 3,
    "name": "mc_parameter",
    "defaultValue": "",
    "description": "",
    "helpText": "",
    "isSystem": false,
    "minLength": 0,
    "maxLength": 260,
    "validationRegex": "",
    "isValidate": false
  },
  {
    "baseType": 22,
    "name": "mc_priority",
    "description": "BPPM Incident Priority",
    "helpText": "",
    "isSystem": false,
    "values": [
      {
        "value": "PRIORITY_1",
        "isDefault": false,
        "isVisible": true
      },
      {
        "value": "PRIORITY_2",
        "isDefault": false,
        "isVisible": true
      },
      {
        "value": "PRIORITY_3",
        "isDefault": false,
        "isVisible": true
      },
      {
        "value": "PRIORITY_4",
        "isDefault": false,
        "isVisible": true
      },
      {
        "value": "PRIORITY_5",
        "isDefault": false,
        "isVisible": true
      }
    ]
  },
  {
    "baseType": 3,
    "name": "mc_tool",
    "defaultValue": "",
    "description": "",
    "helpText": "",
    "isSystem": false,
    "minLength": 0,
    "maxLength": 260,
    "validationRegex": "",
    "isValidate": false
  },
  {
    "baseType": 3,
    "name": "mc_tool_class",
    "defaultValue": "",
    "description": "",
    "helpText": "",
    "isSystem": false,
    "minLength": 0,
    "maxLength": 260,
    "validationRegex": "",
    "isValidate": false
  },
  {
    "baseType": 3,
    "name": "message",
    "defaultValue": "",
    "description": "",
    "helpText": "",
    "isSystem": false,
    "minLength": 0,
    "maxLength": 260,
    "validationRegex": "",
    "isValidate": false
  },
  {
    "baseType": 22,
    "name": "severity",
    "description": "BPPM Incident Severity",
    "helpText": "",
    "isSystem": false,
    "values": [
      {
        "value": "UNKNOWN",
        "isDefault": false,
        "isVisible": true
      },
      {
        "value": "OK",
        "isDefault": false,
        "isVisible": true
      },
      {
        "value": "INFO",
        "isDefault": false,
        "isVisible": true
      },
      {
        "value": "WARNING",
        "isDefault": false,
        "isVisible": true
      },
      {
        "value": "MINOR",
        "isDefault": false,
        "isVisible": true
      },
      {
        "value": "MAJOR",
        "isDefault": false,
        "isVisible": true
      },
      {
        "value": "CRITICAL",
        "isDefault": false,
        "isVisible": true
      }
    ]
  },
  {
    "baseType": 22,
    "name": "status",
    "description": "BPPM Incident Status",
    "helpText": "",
    "isSystem": false,
    "values": [
      {
        "value": "OPEN",
        "isDefault": false,
        "isVisible": true
      },
      {
        "value": "ACK",
        "isDefault": false,
        "isVisible": true
      },
      {
        "value": "ASSIGNED",
        "isDefault": false,
        "isVisible": true
      },
      {
        "value": "CLOSED",
        "isDefault": false,
        "isVisible": true
      },
      {
        "value": "BLACKOUT",
        "isDefault": false,
        "isVisible": true
      }
    ]
  },
  {
    "baseType": 3,
    "name": "target_group",
    "defaultValue": "",
    "description": "",
    "helpText": "",
    "isSystem": false,
    "minLength": 0,
    "maxLength": 260,
    "validationRegex": "",
    "isValidate": false
  }
]